{"cameraMode":{"drawMode":2,"name":"Shaded Wireframe","section":"Shading Mode"},"sceneLighting":false,"audioPlay":true,"sceneViewState":{"showFog":true,"showMaterialUpdate":false,"showSkybox":true,"showFlares":true,"showImageEffects":true,"showParticleSystems":true},"in2DMode":false,"pivot":{"x":-11.372673034667969,"y":0.8999016284942627,"z":-7.918715476989746},"rotation":{"x":0.09308575838804245,"y":0.7191803455352783,"z":-0.09808046370744705,"w":0.6819296479225159},"size":5.83897066116333,"orthographic":true}